{
  "date_derniere_maj": "2025-07-30",
  "deficits_accumules": {
    "Tomates et apparent\u00e9s": 17.825,
    "Cucurbitac\u00e9es moyennes": 16.275000000000002,
    "L\u00e9gumineuses feuillues": 15.5,
    "Aromatiques peu exigeantes": 10.85,
    "Fraises": 16.275000000000002
  }
}