{
  "date_derniere_maj": "2025-07-28",
  "deficits_accumules": {
    "Tomates et apparent\u00e9s": 140.88400000000001,
    "Cucurbitac\u00e9es moyennes": 128.46800000000005,
    "L\u00e9gumineuses feuillues": 122.25999999999999,
    "Solanac\u00e9es mod\u00e9r\u00e9es": 122.25999999999999,
    "Salades et feuillues gourmandes": 122.25999999999999,
    "Racines moyennes": 109.84400000000002,
    "Aromatiques peu exigeantes": 85.012,
    "Aromatiques plus soiffardes": 103.63600000000001,
    "Choux et crucif\u00e8res": 116.05199999999994,
    "Alliac\u00e9es": 103.63600000000001,
    "Fraises": 128.46800000000005
  }
}