{
  "date_derniere_maj": "2025-07-29",
  "deficits_accumules": {
    "Tomates et apparent\u00e9s": 11.074499999999999,
    "Cucurbitac\u00e9es moyennes": 10.1115,
    "L\u00e9gumineuses feuillues": 9.629999999999999,
    "Aromatiques peu exigeantes": 6.740999999999999,
    "Fraises": 10.1115
  }
}