{
  "date_derniere_maj": "2025-07-28",
  "deficits_accumules": {
    "Tomates et apparent\u00e9s": 276.04349999999994,
    "Cucurbitac\u00e9es moyennes": 251.87449999999998,
    "L\u00e9gumineuses feuillues": 239.79000000000028,
    "Solanac\u00e9es mod\u00e9r\u00e9es": 239.79000000000028,
    "Salades et feuillues gourmandes": 239.79000000000028,
    "Racines moyennes": 215.62099999999984,
    "Aromatiques peu exigeantes": 167.28299999999996,
    "Aromatiques plus soiffardes": 203.53650000000013,
    "Choux et crucif\u00e8res": 227.70549999999997,
    "Alliac\u00e9es": 203.53650000000013,
    "Fraises": 251.87449999999998
  }
}